{
  "users": [
    {
      "id": "user_seller",
      "email": "seller@example.com",
      "name": "KantoCards",
      "country": "USA"
    },
    {
      "id": "user_buyer",
      "email": "buyer@example.com",
      "name": "EeveeFan",
      "country": "UAE"
    }
  ],
  "listings": [
    {
      "title": "Charizard VMAX (Rainbow)",
      "set": "Sword & Shield\u2014Darkness Ablaze",
      "number": "SV107/SV122",
      "rarity": "Secret Rare",
      "condition": "NM",
      "grading": "PSA",
      "grade": 10,
      "currency": "USD",
      "price": 69900,
      "imageUrl": "https://images.pokemontcg.io/swsh3/20_hires.png",
      "sellerId": "user_seller",
      "country": "USA"
    }
  ]
}